告示番号,通番,施設名,基準年,MDC2桁,MDC6桁,MDC6桁と名前,件数_99,件数_99以外,在院日数_99,在院日数_99以外
10001,10001,札幌医科大学附属病院,2020,01,010010,010010_脳腫瘍,252,46,6.821428571,37.04347826
10002,10002,北海道大学病院,2020,01,010010,010010_脳腫瘍,91,115,20.08791209,28.08695652
10001,10001,札幌医科大学附属病院,2020,01,010020,010020_くも膜下出血、破裂脳動脈瘤,,0,,
10002,10002,北海道大学病院,2020,01,010020,010020_くも膜下出血、破裂脳動脈瘤,,0,,
